,D,m3C,Um,s2C,s2U,ho5U,m5D,I,f5C,m4Cm,f5U,m5Um,hm5C,m5s2U,mo5U,Qbase,m1A,m1I,ac4C,m42Cm,f5Um,mnm5U,f5s2U,nm5s2U,m6Am,m1Im,m1G,ac4Cm,ncm5U,cm5U,mnm5s2U,preQ0,m1Gm,ncm5Um,mcm5U,cmo5U,imG-14,G+,m22Gm,mcm5s2U,mcmo5U,i6A,nm5se2U,acp3U,cmnm5s2U,mnm5se2U,io6A,acp3Um,g6A,k2C,ms2i6A,ms2io6A,Q,t6A,m6t6A,yW-58,ms2t6A,ms2hn6A,Ar(p),Gr(p),yW,galQ
,325.04369,336.05968,337.04369,338.02118,339.0052,339.02296,339.05934,347.03928,350.03894,350.07533,351.02296,351.05934,352.05459,353.02085,353.03861,356.076,360.07091,361.05493,364.05459,364.0909,365.03861,366.07024,367.00011,368.03175,374.08656,375.07058,376.06583,378.07024,380.04951,381.03352,382.0474,386.05018,390.08148,394.06516,395.04917,397.02844,400.06583,403.07767,404.09713,411.02633,411.04409,414.11786,415.9762,424.07572,426.03723,429.99185,430.11361,438.09137,447.06655,450.13899,460.10558,476.1005,488.11825,491.09277,505.10842,529.1448,537.08038,551.0961,558.06385,574.05877,587.15028,650.17011
S. cerevesiae (R1),1.2071,0.952,0.7223,,,0.0057,,0.1025,,,,,,,,,0.4228,,0.4983,,,,,,0.0081,0.0045,0.9102,,0.0065,,,,0.2208,0.0053,,,,,,,,0.0017,,,,,,,,,,,,0.0792,,,,,,,,
S. cerevesiae (R2),1.397,1.037,0.7775,,,,,0.1299,,,,,,,,,0.4473,,0.5148,,,,,,0.0107,,1.0172,,0.0242,,,,0.246,0.0138,0.011,,,,,,,0.0124,,,,,,,,,,,,0.0944,,,,,0.0015,,,
S. cerevesiae (R3),1.7977,1.1447,0.8697,,,,,0.1531,,,,,,,,,0.4734,,0.501,,,,,,0.0052,,1.1706,,0.018,,,,0.3045,,0.009,,,,,0.0084,,0.0135,,,,,,,,,,,,0.1052,,,,,,,,
S. cerevesiae (R4),1.4899,1.0459,0.8339,,,,,0.1324,,,,,,,,,0.4603,,0.5136,,,,,,0.0158,,1.0343,0.005,0.03,,,,0.2629,0.0065,0.0075,,,,,,,0.019,,,,,,,,,,,,0.0956,,,,,,,,
S. cerevesiae (R5),1.9043,0.1301,0.9792,0.0438,,,,0.0187,,,,,,,,,0.2043,,0.5453,,,,,,0.0016,,0.7157,,,,0.0672,,0.002,,,0.204,,,,,,0.0086,0.0092,0.1776,,,,,,0.018,0.0475,0.0055,0.093,0.0592,,,,,,,,
S. cerevesiae (R6),1.6967,1.0843,0.8887,,,,,0.1561,,,,,,,0.0379,,0.4903,,0.5503,,,,,,0.0314,,1.2499,0.0076,0.0387,,,,0.3276,0.0149,0.0252,,,,,0.0229,,0.0353,,,,,,,,,,,,0.1379,,,,,0.0137,0.0027,0.0015,
S. cerevesiae (R7),1.5638,1.0697,0.8492,,,,,0.1483,,,,,,,0.0374,,0.4799,,0.5326,,,,,,0.0249,,1.1488,0.0057,0.0397,,,,0.3052,0.0156,0.0203,,,,0.0063,0.0099,,0.0336,,,,,,,,,,,,0.1329,0.0054,,,,0.0106,0.004,,
S. cerevesiae (R8),1.5685,1.0984,0.8597,,,,,0.145,,,,,,,,,0.4858,,0.5412,,0.0004,,,,0.0355,,1.1713,0.0094,0.0343,,,,0.3123,0.0124,0.027,,,,,0.0186,,0.0372,,,,,,0.0009,,,,,,0.1175,,,,,0.0111,0.0017,,
S. cerevesiae (R9),1.7251,0.1589,0.9495,0.0562,0.0358,,,0.039,,0.0006,,,0.0011,,,,0.2205,,0.543,,,,,,0.0108,,0.7551,0.0056,,,0.0868,,0.0113,,,0.1937,,,,,,0.0204,,0.1672,,,,,,0.011,0.0377,0.0113,0.0938,0.0872,0.0174,,,,,,,
S. cerevesiae (R10),1.7678,1.1694,0.8723,,,,,0.1684,,,,,,,,,0.4919,,0.5152,,,,,,0.0103,,1.2136,0.0047,0.0429,,,,0.3078,0.0194,0.0175,,,,,,,0.0292,,,,,,,,,,,,0.1172,,,,,0.0062,,,
S. cerevesiae (R11),1.3434,1.0035,0.7653,,,,,0.1192,,,,,,,,0.0008,0.4473,,0.5164,,,,,,0.0246,,0.9996,0.0065,0.0293,,,,0.2497,0.0085,0.0105,,,,,,,0.0154,,,,,,,,,,,,0.0897,,,,,0.0023,,,
S. cerevesiae (R12),1.4917,1.0406,0.843,,,,,0.1328,,,,,,,,,0.4522,0.0248,0.5139,,,,,,0.0239,,1.0316,0.005,0.0309,,,,0.2613,0.0074,0.0123,,,,,,,0.0235,,,,,,,,,,,,0.1002,,,,,0.0024,,,
S. cerevesiae (R13),1.4836,1.013,0.8121,,,,0.0029,0.1303,,,,,,0.0345,,,0.4765,,0.5056,,,,,,0.0251,,1.0842,0.0033,,,,,0.2865,0.0033,0.0114,,,,0.0013,0.0074,,0.0237,,,,,,,,,,,,0.1084,0.0022,,,,0.0064,,,
S. cerevesiae (R14),1.6269,1.0942,0.8811,,,,,0.14,,,,,,,,,0.4755,,0.5186,,,,,,0.0276,,1.1503,0.0037,,,,,0.2915,0.0146,0.0269,,,,,0.0017,,0.0287,,,,,,,0.0094,,,,,0.1241,0.0134,,,,0.0116,0.002,,
S. cerevesiae (R15),1.3487,0.9864,0.7438,,,,,0.1267,,,,,,,,,0.4275,,0.4839,,,,,,0.0097,,0.9809,,0.0164,,,,0.2302,0.0037,,,,,,,,0.0046,,,,,,,,,,,,0.0802,,,,,,,,
S. cerevesiae (R16),1.8432,1.1923,0.9205,,,,,0.1721,,,,,,,,,0.491,0.0434,0.5257,,,,0.0009,,0.0204,,1.2586,,0.0519,,,,0.3193,0.015,0.0248,,,,,,,0.0285,,,,,,,,,,,,0.1303,,,,,0.018,,,
S. cerevesiae (R17),1.4705,0.9881,0.8402,,,,,0.128,,,,,,,,,0.4693,,0.5217,,,,,,0.0356,,1.0719,0.0057,,,,,0.2783,0.016,0.0197,,,,,0.012,,0.0356,,,,,,,,,,,,0.1056,0.0048,,,,0.0063,,,
S. cerevesiae (R18),1.295,0.9739,0.7771,,,,,0.1181,,,,,,,,,0.4473,,0.5137,,,,,,0.0295,,0.9824,,0.0338,,,,0.2406,0.0117,0.0094,,,,,,,0.0111,,,,,,,,,,,,0.097,,,,,0.0048,,,
S. cerevesiae (R19),1.5452,1.0443,0.8149,,,,,0.1464,,,,,,,,,0.4716,0.0318,0.5205,,,,,,0.0139,,1.1172,0.009,0.0425,,,,0.2614,0.012,0.024,,,,,,,0.0253,,,,,,,,,,,,0.1091,,,,,0.0075,,,
S. cerevesiae (R20),1.144,0.8902,0.7138,,,,,0.1038,,,,,,,,,0.4405,0.072,0.5154,,,,,,0.0431,,0.9276,0.0054,,,,,0.2376,0.0059,0.009,,,,,0.0094,,0.0199,,0.0009,,,,,,,,,,0.082,,,,,0.0058,,,
S. cerevesiae (R21),1.6613,0.1255,0.8364,0.0361,,,,0.0209,,,,,,,,,0.1871,0.0473,0.545,,,,,,0.0018,,0.658,,,,0.0595,,0.0021,,,0.18,,,0.0046,,,0.0043,,0.1536,,,,,,0.0042,0.0325,0.0021,0.0917,0.0492,,,,,,,,
S. cerevesiae (R22),1.858,0.1487,0.8462,0.044,,,,0.0312,,,,,0.001,,,,0.1841,0.0316,0.5311,,,,,,0.0025,,0.6673,,,,0.0686,,0.0055,,,0.1895,,,,,,0.0056,0.0089,0.1842,,,,,,0.0305,0.0305,0.0024,0.0926,0.0587,,,,,,,,
S. cerevesiae (R23),1.3883,0.9167,0.8277,,,0.0337,,0.1115,,,,,0.001,,,,0.4669,0.0789,0.5173,,,,,,0.0403,,1.0371,0.0041,0.0041,,,0.0011,0.2538,0.005,0.0117,0.0087,,,,0.0112,,0.0315,,,,,,,0.0031,,,,,0.1054,0.0103,,,,0.0064,,,
S. cerevesiae (R24),1.5822,1.1137,0.8765,,,0.0007,,0.154,,0.014,,0.0064,,,,,0.5013,,0.5516,,,,,,0.049,,1.1753,0.0135,0.0352,0.0003,,,0.3548,0.0056,0.0259,,,,,0.0474,,0.0385,,,,,,0.0007,,,,,,0.1156,0.0084,,,,0.016,0.0042,0.0086,
S. cerevesiae (R25),1.1339,0.6826,0.5855,,,,,0.2379,,0.0098,,0.0129,,,,,0.4393,,0.5207,,0.0008,,,,0.0191,,0.9271,0.0039,0.0337,,,,0.1806,0.0004,0.0377,,,,,0.0783,,0.0246,,,,,,,,,,,, ,,,,,,,,
K. aerogenes (R1),1.5815,0.0993,0.6395,0.0346,0.0242,,,0.0149,0.0969,,,,,,,,0.1156,,0.4985,,,,,,,,0.5985,,,,0.0495,,,,,0.1768,0.0149,,,,,,,0.1902,,,,,,,0.0167,0.0445,0.0979,0.0649,0.0043,,,,,,,
K. aerogenes (R2),1.9757,0.0774,0.7793,0.0432,,,,0.0172,,,,,,,,,0.1222,,0.4826,,,,,,,,0.6799,,,,0.0649,,,,,0.1901,,,,,,,,0.2208,,,,,,0.0021,,0.0381,0.1041,0.0725,,,,,,,,
K. aerogenes (R3),1.4376,0.0851,0.6217,0.0173,,,,0.0087,,,,,,,,,0.1115,,0.486,,,,,,,,0.5736,,,,0.0142,,,,,0.1286,,,,,,,,0.147,,,,,,,,0.0125,0.0793,0.0406,0.0036,,,,,,,
K. aerogenes (R4),1.2925,0.0898,0.6453,0.0366,,,,0.0161,,,,,,,,,0.128,,0.5222,,,0.0017,,,0.0035,,0.6056,,,,0.0528,,,,,0.1376,,,,,,,,0.1551,,,,,,,0.0021,0.0351,0.0841,0.0503,0.0089,,,,,,,
K. aerogenes (R5),1.3989,0.0886,0.5718,0.0076,,,,0.0037,0.0042,,,,,,,,0.1063,,0.4794,,,,,,,,0.5146,,,,0.0049,,,,,0.1416,,,,,,,,0.1474,,,,,,0.0058,,0.0144,0.0631,0.033,,,,,,,,
K. aerogenes (R6),1.096,0.0626,0.6099,0.0235,0.1032,,,0.0127,,,,,,,,,0.1334,,0.5668,,,,,,0.0012,,0.5425,,,,0.0411,,,,,0.1189,,,,,0.0485,,,0.1262,,,,,,0.0015,,0.0179,0.0671,0.036,,,,,,,,
K. aerogenes (R7),1.4762,0.0966,0.6622,0.0408,,,,0.0233,0.0018,,,,,,,,0.1183,,0.5151,,0.0113,,,,0.0033,,0.5984,,,,0.0443,,,,,0.1614,,,,,,,,0.1683,,,,,,0.0135,0.0024,0.0375,0.0916,0.0557,0.0087,,,,,,,
K. aerogenes (R8),1.395,0.0987,0.5995,0.0303,,,,0.0171,,,,,,,,,0.1082,,0.507,,,,,,0.0021,,0.5541,,,,0.0285,,,,,0.1558,,,,,,,,0.1566,,,,,,0.012,0.0016,0.029,0.0828,0.0564,0.0071,,,,,,,
K. aerogenes (R9),1.949,0.0804,0.7786,0.017,,,,0.0126,,,,,,,,,0.1177,,0.4913,,,,0.0554,,,,0.6766,,,,0.0172,,,,,0.1871,,,,,,,,0.2243,,,,,,,,0.0407,0.1022,0.0628,,,,,,,,
K. aerogenes (R10),1.9798,0.0922,0.7973,0.0565,,,,0.0336,,,,,,,,,0.1209,,0.5028,,,,,,,,0.6815,,,,0.0562,,,,,0.2094,,,,,,,,0.2383,,,,,,0.0214,0.0033,0.0519,0.1137,0.0829,0.0156,,,,,,,
K. aerogenes (R11),1.8128,0.0963,0.8465,0.0531,,,,0.0369,,,,,,,,,0.1429,,0.5262,,,0.0048,,,0.0009,,0.7279,,,,0.0495,,,,,0.1962,,,,,,,,0.209,,,,,,0.0049,0.0096,0.0494,0.1135,0.0752,0.0105,,,,,,,
K. aerogenes (R12),1.6738,0.1028,0.6673,0.0451,,,,0.0259,,,,,,,,,0.1135,,0.5049,,,,,,0.0019,,0.6032,,,,0.053,,,,,0.1851,,,,,,,,0.2018,,,,,,0.0177,0.0013,0.0345,0.0953,0.0743,0.0105,,,,,,,
K. aerogenes (R13),1.2173,0.0899,0.604,0.0321,,,,0.0203,,,,,,,,,0.1156,,0.5272,,,,,,0.0081,,0.5533,,,,0.0301,,,,,0.1332,,,,,,,,0.1373,,,,,,0.0094,0.0025,0.0344,0.0785,0.0506,0.0083,,,,,,,
K. aerogenes (R14),1.7146,0.0948,0.7266,0.0353,,,,0.0207,,,,,,,,,0.1166,,0.5114,,,0.0077,,,,,0.6458,,,,0.035,,,,,0.1822,,,,,,,,0.1919,,,,,,0.0065,,0.0456,0.096,0.0691,0.0127,,,,,,,
K. aerogenes (R15),1.3377,0.0952,0.546,0.0238,,,,0.0063,,,,,,,,,0.1022,,0.4815,,,,,,,,0.519,,,,0.0204,,,,,0.1434,,,,,,,,0.1516,,,,,,0.0057,,0.0132,0.0739,0.0412,0.003,,,,,,,
K. aerogenes (R16),1.7823,0.1053,0.565,0.028,,,,0.0167,,,,,,,,,0.0892,0.0228,0.4757,,,0.0041,,,,,0.5763,,,,0.0173,0.0106,,,,0.1902,,,,,,,,0.2214,,,,,,0.007,0.0012,0.0184,0.1078,0.073,0.0122,,,,,,,
K. aerogenes (R17),1.5637,0.0887,0.6804,0.0398,,,,0.0206,,,,,,,,,0.1239,,0.5212,,,,,,,,0.6433,,,,0.0488,,,,,0.1735,,,,,,,,0.1903,,,,,,0.0168,0.0021,0.0431,0.1015,0.065,0.0088,,,,,,,
K. aerogenes (R18),1.7401,0.0851,0.6718,0.0305,,,,0.0102,,,,,,,,,0.1182,,0.4729,,,,,,,,0.6221,,,,0.0249,,,,,0.1807,,,,,,,,0.2017,,,,,,0.0048,,0.0142,0.096,0.0617,,,,,,,,
K. aerogenes (R19),1.3546,0.0938,0.6292,0.0273,,,,0.0205,,0.0022,,,,,,,0.1245,,0.5279,,,,,,0.0031,,0.604,0.001,,,0.0167,,,,,0.1445,,,,,,,,0.1686,,,,,,0.0043,0.0038,0.0325,0.0876,0.0577,0.0111,,,,,,,
K. aerogenes (R20),1.2689,0.0821,0.5784,0.0125,,,,0.0065,,,,,,,,,0.1114,0.018,0.5125,,,,,,,,0.5336,,,,0.0072,,,,,0.133,,,,,,,,0.1411,,,,,,0.0084,,0.0251,0.0759,0.0437,,,,,,,,
K. aerogenes (R21),1.5327,0.0875,0.668,0.0196,,,,0.0146,,,,,,,,,0.128,0.0185,0.517,,,0.0029,,,,,0.622,,,,0.0096,0.1271,,,,0.1717,,,,,,,,0.1811,,,,,,0.0079,,0.0368,0.0919,0.0599,,,,,,,,
K. aerogenes (R22),1.4698,0.089,0.5937,0.0094,,,,0.0104,,,,,,,,,0.1095,0.0183,0.5234,,,,,,,,0.5726,,,,0.0046,,0.0024,,,0.1678,,,,,,,,0.1875,,,,,,0.0248,,0.0257,0.0798,0.057,,,,,,,,
K. aerogenes (R23),1.2712,0.0919,0.5601,0.0165,,,,0.0159,,,,,,,,,0.1117,,0.5245,,,,,,0.002,,0.5483,,,,0.0056,,,,,0.1418,,,,,,,,0.1469,,,,,,0.0125,,0.032,0.0781,0.0546,0.0068,,,,,,,
K. aerogenes (R24),1.3378,0.0898,0.5714,0.015,,,,0.0123,,,,,,,,,0.1143,,0.5073,,,0.002,,,0.0019,,0.5605,,,,0.0068,,,,,0.1433,,,,,,,,0.159,,,,,,,0.0012,0.0236,0.0874,0.0494,0.0043,,,,,,,
K. aerogenes (R25),1.7504,0.0928,0.6113,0.026,,,,0.0035,,,,,,,,,0.0941,,0.4884,,,,,,,,0.6221,,,,0.016,,,,,0.1755,,,,,,,,0.2118,,,,,,,,0.0099,0.0942,0.07,0.0024,,,,,,,
HEK (R1),0.3953,0.7291,0.3893,,,,,0.0037,,,,0.0301,,,,,0.2528,,0.6717,,,,,,0.0156,,0.5736,0.0023,,,,,0.1099,,,,,,,,,0.0013,,0.0502,,,,,,,,,0.0014,0.046,,,,,,,,0.005
HEK (R2),0.2698,0.6572,0.4511,,,,,0.0298,0.0015,,,0.0217,,,,,0.3686,,0.6121,,,,,,0.0232,,0.5966,0.0048,0.0066,,,,0.079,,,,,,0.001,,,0.0005,,0.0354,,,,0.0042,,0.0091,,,0.003,0.0422,,,,,,,,0.0055
HEK (R3),0.3531,0.7479,0.4372,,,,,0.0359,,,,0.0301,,,,,0.2787,,0.6548,,,,,,0.0218,,0.5588,0.0018,0.0081,,,,0.1105,,,,,,,,0.0008,0.0009,,0.0487,,,,,,0.0055,,,0.0053,0.0505,,,,,,,,0.0104
HEK (R4),0.4335,0.7708,0.4142,,,,,0.0378,,,,0.0316,,,,,0.2864,,0.6828,,,,,,0.0207,,0.7301,0.0052,0.0039,,,,0.1317,,,,,,,,0.0005,0.0014,,0.0572,,,,,,0.0199,,,0.0085,0.0602,,,,,,,,0.0181
HEK (R5),0.3507,0.7313,0.4168,,,,,0.0387,,,,0.0287,,,,,0.2943,,0.6762,0.0014,,,,,0.0217,,0.6272,0.0049,0.0102,,,,0.1126,,,,,,,,0.0013,0.0012,,0.0502,,,,,,0.0016,,,0.0063,0.054,0.0007,,,,,,,0.0166
HEK (R6),0.2505,0.637,0.4292,,,,,0.0258,,,,0.023,,,,,0.3194,,0.6346,,,,,,0.0223,,0.5732,0.0048,,,,,0.0798,,,,,,,,0.0008,,,0.0353,,,,0.0022,,0.007,,,0.0042,0.041,,,,,,,,0.0067
HEK (R7),0.314,0.7264,0.4684,,,,,0.0342,,,,0.0224,,,,,0.4282,,0.6092,,,,,,0.0197,,0.6461,0.0034,0.0064,,,,0.0901,,,,,,0.0023,,0.0009,0.0009,,0.0371,,,,0.0061,,0.0016,,,0.0041,0.0453,,,,,,,,0.0087
HEK (R8),0.5167,0.9133,0.5534,,,,,0.0537,,,,0.0353,,,,,0.4835,,0.5996,,,,,,0.0227,,0.7681,0.0044,0.0114,,,,0.1514,,,,,0.0006,0.0043,,0.002,0.0019,,0.0638,,,,0.0044,,0.0138,,,0.0084,0.069,,,,,,,,0.0155
HEK (R9),0.3646,0.7968,0.4912,,,,,0.0423,,,,0.0271,,,,,0.4414,,0.5965,,,,,,0.0193,,0.6728,0.0064,0.0096,,,,0.1124,,,,,,0.0025,,0.0016,0.0013,,0.0491,,,,0.0078,,0.0085,,,0.0058,0.052,0.0004,,,,,,,0.01
HEK (R10),0.1659,0.5845,0.4188,,,,0.0233,0.0186,0.0097,,,0.0132,,,,,0.3886,,0.5784,0.001,,,,,0.0231,,0.5343,,,,,,0.0436,,0.0188,,,0.0131,0.0099,,,,,0.0183,,,,0.0045,,0.0054,,,,0.0274,,,,,,,,0.0013
HEK (R11),0.4626,0.8421,0.4679,,,,,0.0474,,,,0.0352,,,,,0.3506,,0.641,,,,,,0.0259,,0.6669,0.0042,0.012,,,,0.1478,,,,,,,,0.001,0.0028,,0.0617,,,,,,0.0003,,,0.0081,0.0655,,,,,,,,0.0155
HEK (R12),0.524,0.8797,0.4468,,,,,0.0453,,,,0.0388,,,,,0.3122,0.0888,0.6611,,,,,,0.0237,,0.6735,,,,,,0.1705,,,,,,,,0.0014,0.0017,,0.0701,,,,,,,,,0.0061,0.0775,,,,,,,,0.0175
HEK (R13),0.4573,0.7995,0.4362,,,,,0.0369,,,,0.0353,,,,,0.2667,,0.6557,,,,,,0.0241,,0.5814,0.0033,0.0033,,,,0.1405,,,,,,,0.0007,,0.0021,,0.0628,,,,,,0.0068,,,0.0046,0.0656,0.0007,,0.0005,,,,,0.0132
HEK (R14),0.3542,0.7035,0.4336,,,,0.0094,0.0316,0.0169,,,0.0296,,,,,0.3129,,0.6224,,,,,,0.0169,,0.5682,,,,,,0.108,,,,,0.0143,,,,,,0.044,,,,,,0.0116,,,0.0029,0.0534,,,,,,,,0.0112
HEK (R15),0.295,0.6601,0.3984,,,,,0.0304,0.0022,,,0.025,,,,,0.3016,,0.626,,,,,,0.0219,,0.5399,,,,,,0.0847,,,,,,,,,,,0.0406,,,,,,0.0077,,,0.0024,0.0454,,,,,,,,0.0068
HEK (R16),0.6452,0.9365,0.4803,,,,,0.0295,0.0088,,,0.047,,,,,0.2568,,0.667,0.0013,,,,,0.0235,,0.5975,,,,,,0.1887,,0.0003,,,0.004,,,0.0017,0.0031,,0.0878,,,,,,0.0163,,,0.0081,0.0963,,,0.0008,,,,,0.0181
HEK (R17),0.5406,0.8386,0.4325,,,,,0.0267,0.0144,,,0.0429,,,,,0.2636,,0.6594,0.001,0.0006,,,,0.0197,,0.5889,,,,,,0.1604,,0.0139,,,0.007,,,,0.0027,,0.0786,,,,,,0.0128,,,0.008,0.0825,,,0.0011,,,,,0.0186
HEK (18),0.2564,0.6762,0.4758,,,,,0.0267,,,,0.0219,,,,,0.4588,,0.5776,,,,,,0.0225,,0.6358,,,,,,0.0791,,,,,0.0024,0.0032,,0.0004,,,0.034,,,,0.0132,,0.0139,,,0.0023,0.0476,,,,,,,,0.0043
HEK (R19),0.511,0.8413,0.4476,,,,,0.0431,,,,0.0391,,,,,0.3221,,0.6455,,,,,,0.023,,0.637,,,,,,0.1577,,,,,,,,0.0014,0.0011,,0.0725,,,,,,0.0085,,,0.0078,0.0758,,,,,,,,0.0151
HEK (R20),0.3971,0.8535,0.5393,,,,,0.0425,,,,0.0298,,,,,0.5738,,0.5706,,,,,,0.0232,,0.7548,,,,,,0.1234,,,,,,0.0045,,,,,0.0524,,,,0.0153,,0.0081,,,0.0058,0.0663,,,,,,,,0.015
HEK (R21),0.5193,0.9053,0.5233,,,,,0.0551,,,,0.0412,,,,,0.4048,,0.6096,,,,,,0.0271,,0.6694,,,,,,0.1659,,,,,,,,0.0023,0.0013,,0.0749,,,,0.0005,,0.013,,,0.0125,0.086,0.0009,,,,,,,0.023
HEK (R22),0.355,0.7455,0.4282,,,,,0.0318,,,,0.0328,,,,,0.3062,,0.6002,,,,,,0.0222,,0.5394,,,,,,0.1097,,,,,,,,,,,0.0508,,,,,,0.0167,,,0.004,0.0562,,,,,,,,0.0138
HEK (R23),0.4309,0.8895,0.548,,,,,0.0466,,,,0.0323,,,,,0.5008,,0.5708,,,,,,0.0249,,0.7047,,,,,,0.1348,,,,,,0.0039,0.002,0.0019,0.0008,,0.0593,,,,0.0127,,,,,0.0078,0.0719,,,0.0008,,,,,0.0151
HEK (R24),0.5976,0.9707,0.4983,,,,,0.0557,,,,0.0495,,,,,0.3967,,0.6192,,,,,,0.0275,,0.6818,,,,,,0.1977,0.0005,,,,,,0.002,0.002,0.0011,,0.0892,,,,,,0.0183,,,0.0123,0.0961,,,0.0011,,,,,0.0248
HEK (R25),0.4122,0.7975,0.4129,,,,,0.0343,,,,0.035,,,,,0.2861,,0.6482,,,,,,0.0279,,0.5871,,,,,,0.1331,,,,,,,,0.0015,0.0014,,0.0602,,,,,,0.0043,,,0.0058,0.0717,,,,,,,,0.0183
HeLa (R1),0.2174,0.544,0.3564,,,,,0.0239,,,,0.0118,,,,,0.5032,,0.5552,,,,,,0.0194,,0.6427,0.003,0.0024,,,,0.0592,,,0.0016,,,,,,,,0.0246,,,,0.0072,,0.0017,,,,0.0325,,,,,,,,0.0005
HeLa (R2),0.2249,0.5296,0.3666,,,,0.0003,0.0183,0.0131,,0.0004,0.0127,,,,,0.5029,,0.5677,,,,,,0.0191,,0.6578,0.003,,,,,0.06,,,,,,0.0002,,,,,0.0264,,,,0.0064,,0.002,,,,0.0307,,,,,,,,
HeLa (R3),0.2228,0.5467,0.3633,,,,,0.0191,0.0117,,,0.0139,,,,,0.5079,,0.5581,,,,,,0.0197,,0.6583,0.0041,,,,,0.0673,,0.0022,,,,,,,,,0.0273,,,,0.0075,,0.0031,,,,0.0332,,,,,,,,
HeLa (R4),0.2193,0.5519,0.3543,,,,,0.02,0.0023,,,0.0121,,,,,0.5053,,0.5604,,,,0.0005,,0.0193,,0.6616,0.0032,,,,,0.0616,,0.0138,,,,0.0005,,,,,0.0261,,,,0.0071,,0.0022,,,,0.0316,,,,,,,,
HeLa (R5),0.224,0.5219,0.3706,,,,,0.0162,0.0041,,,0.0107,,,,,0.5073,,0.5702,,,,,,0.0203,,0.6555,0.0033,0.0029,,,,0.0609,,0.0176,,,,,,,,,0.0256,,0.0011,,0.0058,,,,,,0.0293,,,,,,,,
HeLa (R6),0.2141,0.5478,0.3624,,,,,0.0199,0.0096,,,0.0138,,,,,0.5085,,0.5569,,,,,,0.0205,,0.6556,0.0044,0.0044,,,,0.0601,,,,,,0.0007,,,,,0.0277,,,,0.01,,0.0012,,,,0.0315,,,0.0002,,,,,
HeLa (R7),0.2245,0.5135,0.3709,,,,,0.015,0.0044,,,0.0136,,,,,0.4877,,0.5641,,,,,,0.0178,,0.644,0.0028,0.0027,,,,0.0564,,,,,,,,,,,0.0276,,,,0.0064,0.0004,0.0016,,,,0.031,,,,,,,,
HeLa (R8),0.2179,0.5295,0.3627,,,,,0.0183,0.008,,,0.0123,,,,,0.5042,,0.5641,,,,,,0.0201,,0.6405,0.0031,0.0031,,,,0.0579,,,,,,0.0003,,,,,0.0269,,,,0.0077,,0.0012,,,,0.0293,,,,,,,,
HeLa (R9),0.2156,0.5464,0.3428,,,,,0.0186,,,,0.0092,,,,,0.4908,,0.5539,,,,,,0.0165,,0.6362,0.0038,0.003,,,,0.054,,,,,,,,,,,0.0217,,,,0.0049,,,,,,0.0261,,,,,,,,
HeLa (R10),0.2254,0.529,0.3691,,,,,0.0168,0.0119,,,0.0122,,,,0.0004,0.5125,,0.5619,,,,,,0.0191,,0.6455,0.003,,,,,0.0626,,,,,,,,,,,0.026,,,,0.0057,,0.0027,,,,0.0294,,,,,,,,
HeLa (R11),0.2165,0.5484,0.3503,,,0.0238,,0.0196,,,,0.0079,0.0003,,,,0.5125,,0.5573,,,,,,0.0181,,0.6531,0.0027,0.0076,,,,0.0542,,,0.0389,,,0.0005,,,,,0.0204,,,,0.0037,0.0057,0.0292,,,,,,,,,,,,
HeLa (R12),0.2175,0.5296,0.365,,,,,0.0192,0.003,,,0.0135,,,,0.0003,0.5034,,0.5686,,,,,,0.0206,,0.656,0.0045,0.006,,,,0.0579,,,,,,0.0005,,,,,0.0284,,,,0.009,,0.0009,,,,0.0321,,,,,,,,0.0005
HeLa (R13),0.2229,0.5438,0.3657,,,,,0.019,0.001,,,0.0138,,,,,0.5082,,0.5718,,,,,,0.0211,,0.6746,0.0055,0.0054,,,,0.0611,,,,,,0.0009,,,,,0.029,,,,0.0098,,,,,,0.0331,,,,,,,,
HeLa (R14),0.2083,0.4767,0.2914,,,0.0023,0.0046,0.0025,,,,,,,,,0.4377,,0.5074,,,,,,0.002,,0.5553,,,,,,0.027,,,,,,,,,,,0.0017,,,,,,,,,,,,,,,,,,
HeLa (R15),0.2173,0.5343,0.3437,,0.0043,,0.0277,0.0184,,,0.0004,,,,,,0.5083,,0.5521,,,,0.0005,,0.0164,,0.6313,0.0025,,,,,0.0581,,,,,,0.0002,,,,,0.0218,,,,0.0038,,,,,,0.025,,,,,,,,
HeLa (R16),0.2049,0.5089,0.3227,,0.0086,,0.3153,0.0075,,,,,,,0.0421,,0.4863,,0.544,,,,,0.1844,0.0079,0.029,0.6166,0.0011,,,,,0.0505,,,,,,,,,,,0.011,,,,0.0015,,,,,,0.0128,,,,,,,,
HeLa (R17),0.2184,0.5239,0.3336,,0.0039,,0.0311,0.0102,,,,,,0.0012,,,0.5006,0.0935,0.5541,,,,,0.043,0.0084,0.0012,0.6279,0.0011,,,,,0.0763,,,,,,,,,,,0.0135,,,,0.0012,,,,,,0.0165,,,,,,,,
HeLa (R18),0.2165,0.5188,0.3422,,0.0057,,0.0354,0.0154,,,,,0.0003,,,,0.5017,,0.5507,,,,,,0.0121,,0.6124,0.0012,,,,,0.0528,,,,,,,,,,,0.0185,,,,0.0022,,,,,,0.0225,,,,,,,,
HeLa (R19),0.2172,0.5188,0.3437,,,,0.065,0.0138,,,,,,,,,0.4969,,0.5447,,,,,0.081,0.013,0.0081,0.6198,0.0012,,,,,0.0614,,,,,,,,,,,0.0183,,,,0.0018,,,,,,0.0204,,,,,,,,
HeLa (R20),0.2036,0.5335,0.3423,,,,0.0924,0.0189,,,,,,,0.0317,,0.5162,,0.5528,,,,0.0007,0.0672,0.0163,0.0145,0.6345,0.0038,,,,,0.062,,,,,,,,,,,0.0205,,,,0.0057,,,,,,0.024,,0.0003,,,,,,
HeLa (R22),0.2161,0.5,0.3098,,,,0.3759,0.0106,,,,,,,0.1248,,0.4791,,0.5536,,,,,0.1626,0.0054,0.015,0.6131,0.001,,,,,0.0551,,,,,,,,,,,0.0101,,,,,,,,,,0.0121,0.0246,,,,,,,
HeLa (R23),0.2113,0.5134,0.3229,,,,0.4006,0.0138,,,,,,,0.1149,,0.4901,,0.5573,,,,,0.1922,0.012,0.0238,0.6182,0.0016,,,,,0.0624,,,,,,,,,,,0.0172,,,,0.0028,,,,,,0.0208,,,,,,,,
HeLa (R24),0.2088,0.4985,0.3123,,,,0.13,0.0079,,,,,,,0.0233,,0.4796,,0.5451,,,,,0.0818,0.0069,0.003,0.5941,,,,,,0.0538,,,,,,,,,,,0.009,,,,0.0014,,,,,,0.0096,,,,,,,,
HeLa (R25),0.2057,0.522,0.3173,,,,0.0911,0.0108,,,0.0011,,,,,,0.4859,,0.553,,,,,0.0467,0.0084,0.0029,0.6188,,0.001,,,,0.0533,,,,,,,,,,,0.0119,,,,0.0017,,,,,,0.0137,,,,,,,,
S. typhimurium (R1),1.9147,0.0726,1.117,0.0357,0.1305,,,0.0413,,,,,,,,,0.2638,0.0919,0.5102,,,0.0019,,,,0.0495,0.9147,,,,0.0537,,,,,0.1643,,,,,,,,0.187,,,,,,,,0.07,0.1139,0.0689,0.0041,,,,,,,
S. typhimurium (R2),1.8277,0.0705,1.0458,0.0416,0.2528,,,0.0384,,,,,,,,,0.2654,0.0802,0.5014,,,,,,,,0.8895,0.0016,,,0.0661,,,,,0.1541,,,,,,,,0.1852,,,,,,,0.0059,0.0734,0.128,0.0718,0.006,,,,,,,
S. typhimurium (R3),1.8346,0.0742,1.0702,0.0375,0.0673,,,0.0442,,,,,,,,,0.2672,,0.5252,,,0.0028,,,,,0.9393,0.0032,,,0.052,,,,,0.1526,,,,,,,,0.1878,,,,,,,0.0075,0.0708,0.1398,0.0736,0.0146,,,,,,,
S. typhimurium (R4),1.8105,0.0705,1.0122,0.0294,0.1761,,,0.0305,,,,,,,,,0.2615,,0.4744,,,,,,,,0.8631,,,,0.059,,,,,0.1387,,,,,,,,0.1746,,,,,,,0.0074,0.0628,0.1218,0.0529,0.0031,,,,,,,
S. typhimurium (R5),1.8176,0.0724,1.0321,0.0361,0.2996,,,0.0371,,,,,,,,,0.2689,0.0818,0.5041,,,,,,,,0.8778,0.0013,,,0.0615,,,,,0.1493,,,,,,,,0.1739,,,,,,,0.0089,0.0724,0.1247,0.0555,,,,,,,,
S. typhimurium(R6),1.8831,0.0754,1.092,0.0453,0.2193,,,0.0421,,,,,,,,,0.2707,0.0902,0.5147,,,0.0029,,,,,0.9335,0.0014,,,0.0662,,,,,0.1597,,,,,,,,0.1874,,,,,,,0.0159,0.0714,0.1319,0.0674,0.0108,,,,,,,
S. typhimurium(R7),1.8985,0.0381,1.0928,0.048,0.0874,,,0.0438,,,,,,,,,0.2716,0.0903,0.5182,,,0.001,,,,,0.8496,,,,0.0659,,,,,0.1654,,,,,,,,0.1079,,,,,,,0.0079,0.0507,0.119,0.0534,0.0057,,,,,,,
S. typhimurium (R8),1.8928,0.0744,1.1224,0.0459,0.2132,,,0.0459,,,,,,,,,0.2688,,0.5214,,,0.0044,,,,,0.9278,0.0021,,,0.0659,,,,,0.1725,,,,,,,,0.1919,0.0019,,,,,,0.0162,0.0716,0.1272,0.0753,0.0173,,,,,,,
S. typhimurium (R9),1.8496,0.0782,1.099,0.0463,0.146,,,0.0457,,,,,,,,,0.2588,,0.537,,,0.0062,,,,,0.9054,0.0046,,,0.0612,,,,,0.1672,,,,,,,,0.1935,,,,,,,0.02,0.0681,0.1233,0.0754,0.0215,,,,,,,
S. typhimurium (R10),1.8326,0.0701,1.0396,0.0396,0.1344,,,0.0315,,,,,,,,,0.2584,,0.5043,,,,,,,,0.8762,,,,0.0562,,,,,0.153,,,,,,,,0.1764,,,,,,,0.0166,0.0692,0.1249,0.0577,0.009,,,,,,,
S. typhimurium (R11),1.8655,0.0427,1.0663,0.0164,0.1141,,,0.0159,,,,,,,,,0.2569,0.0618,0.4705,,,,,,,,0.8396,,,,0.0315,,,,,0.1565,,,,,,,,0.1637,,,,,,,,0.0487,0.1067,0.0376,,,,,,,,
S. typhimurium (R12),1.8342,0.0496,1.0251,0.0178,0.1525,,,0.0262,,,,,,,,,0.258,0.0569,0.4847,,,,,,,,0.8477,,,,0.0402,,,,,0.1477,,,,,,,,0.1765,,,,,,,,0.0436,0.118,0.0423,,,,,,,,
S. typhimurium (R13),1.7261,0.0408,0.9869,,0.0445,,,0.0157,,,,,,,,,0.2404,0.0621,0.4789,,,,,,,,0.798,,,,0.0201,,,,,0.1232,,,,,,,,0.1506,,,,,,,,0.0406,0.0961,0.0491,0.0023,,,,,,,
S. typhimurium (R14),1.8814,0.0716,1.0863,0.0348,0.0982,,,0.0405,,,,,,,,,0.2646,0.0716,0.5031,,,,,,,,0.8699,,,,0.0539,,,,,0.1655,,,,,,,,0.1934,0.0011,,,,,,0.006,0.0608,0.1247,0.0785,0.0104,,,,,,,
S. typhimurium (R15),2.0065,0.0804,1.2078,0.0423,0.0958,,,0.0492,,,,,,,,,0.2724,,0.5537,,,0.0099,,,,,0.9378,0.0076,,,0.0549,,,,,0.2134,,,,,,,,0.2229,0.0095,,,,,,0.0099,0.075,0.1311,0.0945,0.0252,,,,,,,
S. typhimurium (R16),1.8193,0.0799,1.0897,0.0414,0.0524,,,0.0476,,,,,,,,,0.2594,,0.5395,,,0.0109,,,,,0.8802,0.004,,,0.0543,,,,,0.1638,,,,,,,,0.1923,0.0014,,,,,,0.0086,0.0648,0.1306,0.078,0.0206,,,,,,,
S. typhimurium (R17),1.9041,0.0766,1.1354,0.041,0.0041,,,0.048,,,,,,,,,0.2621,0.0919,0.531,,,0.0087,,,,,0.8701,0.0037,,,0.0533,,,,,0.1684,,,,,,,,0.1959,,,,,,,0.0199,0.0688,0.1286,0.079,,,,,,,,
S. typhimurium (R18),1.931,0.0745,1.1486,0.0465,0.1866,,,0.0441,,,,,,,,,0.2615,0.0808,0.5277,,,0.0042,,,,,0.8872,0.0027,,,0.0612,,,,,0.1911,,,,,,,,0.2021,0.2021,,,,,,0.0138,0.0718,0.124,0.0821,,,,,,,,
S. typhimurium(R19),2.0672,0.0755,1.2126,0.0497,0.2742,,,0.0491,,,,,,,,,0.2775,,0.5305,,,0.0058,,,,,0.9458,0.0037,,,0.073,,,,,0.2015,,,,,,,,0.22,0.0017,,,,,,0.0177,0.0748,0.1354,0.0849,0.0162,,,,,,,
S. typhimurium (R20),1.8969,0.0773,1.1303,0.0455,0.1082,,,0.0466,,,,,,,,,0.2691,,0.5398,,,0.0081,,,,,0.9225,0.0027,,,0.0647,,,,,0.1739,,,,,,,,0.207,0.002,,,,,,0.0223,0.069,0.1336,0.0852,0.0218,,,,,,,
S. typhimurium (R21),1.8995,0.0708,1.1228,0.0426,0.1827,,,0.044,,,,,,,,,0.2587,,0.5303,,0.0007,0.0027,,,,,0.8779,,,,0.063,,,,,0.1782,,,,,,,,0.203,,,,,,,,0.0635,0.1257,0.0781,0.0138,,,,,,,
S. typhimurium (R22),1.8655,0.0765,1.1119,0.045,0.1338,,,0.0487,,,,,,,,,0.271,,0.5445,,,0.0093,,,,,0.9478,0.0038,,,0.0601,,,,,0.1647,,,,,,,,0.1877,0.0015,,,,,,0.0094,0.0692,0.1393,0.0812,0.0216,,,,,,,
S. typhimurium (R23),1.8728,0.0761,1.131,0.0449,0.2343,,,0.0448,,,,,,,,,0.2593,0.0634,0.539,,,0.0061,,,,,0.8809,0.0034,,,0.0664,,,,,0.1824,,,,,,,,0.2002,0.0033,,,,,,0.0212,0.0691,0.1254,0.0764,0.0175,,,,,,,
S. typhimurium (R24),1.9401,0.0781,1.1674,0.0444,0.1169,,,0.0473,,,,,,,,,0.2645,0.079,0.5459,,,0.0078,,,,,0.8999,0.0041,,,0.0612,,,,,0.1943,,,,,,,,0.2174,0.0025,,,,,,0.0237,0.0736,0.1277,0.0841,,,,,,,,
S. typhimurium (R25),1.93,0.0751,1.1519,0.0466,0.1472,,,0.0445,,,,,,,,,0.2626,,0.5361,,,0.0082,,,,,0.876,0.0036,,,0.0605,,,,,0.1874,,,,,,,,0.208,0.0037,,,,,,0.0233,0.0679,0.1238,0.0829,0.0214,,,,,,,
E. coli (R1),1.3372,0.0211,0.8895,0.0422,0.0422,,0.0857,0.023,,,,,,,0.0734,,0.2239,,0.5242,,,,,,,,0.6874,0.0008,,,0.0547,,,,,0.134,,,,,,,,0.1305,0.0007,,,,,,,,0.1037,0.0417,0.0015,,,,,,,
E. coli (R2),1.459,0.0098,0.9375,0.0255,0.3185,,,0.0192,,,,,,,,,0.2528,,0.5197,,,,,,,,0.7516,0.7516,,,0.0528,,,,,0.1507,,,0.0073,,,,,0.1257,,,,,,,0.0355,,0.0999,0.0452,0.0016,,,,,,,
E. coli (R3),1.3136,0.0332,0.8645,0.0411,0.3537,,0.1372,0.0268,,,,,,,0.0405,,0.2126,,0.5328,,,,,0.034,,,0.7097,,,,0.0609,,,,,0.1318,,,,,,,,0.1394,,,,,,,0.0712,,0.1197,0.0426,0.0015,,,,,,,
E. coli (R4),1.3689,0.0256,0.8981,0.0378,0.3769,,0.2151,0.0249,,,,,,,0.1261,,0.2367,,0.5136,,,,,,,,0.681,,,,0.0575,,,,,0.1312,,,,,,,,0.1371,,,,,,,0.0743,,0.1114,0.0297,,,,,,,,
E. coli (R5),1.3975,0.0362,0.9201,0.044,0.3859,,0.1151,0.0302,,,,,,,0.0476,,0.2324,,0.5195,,,,,,,,0.7346,0.0012,,,0.0649,,,,,0.1347,,,,,,,,0.1503,,,,,,,0.0616,,0.1128,0.0431,0.0033,,,,,,,
E. coli (R6),1.4636,0.0373,0.9506,0.0388,0.4162,,0.0833,0.0275,,,,,,,,,0.2488,,0.5109,,,,,,,,0.7287,,,,0.0663,,,,,0.1418,,,,,,0.0011,,0.1571,,,,,,,0.071,,0.1113,0.0456,0.0025,,,,,,,
E. coli (R7),1.2227,,0.794,0.0115,0.3318,,,0.0045,,,,,,,,,0.1976,,0.4656,,,,,,,,0.595,,,,0.0225,,,,,0.1066,,,,,,,,0.0967,,,,,,,0.0294,,0.0722,,,,,,,,,
E. coli (R8),1.5188,0.0212,0.9749,0.0352,0.4542,,0.1368,0.0162,,,,,,,0.0162,,0.2429,,0.5,,,,,0.0928,,,0.714,,,,0.0531,,,,,0.1506,,,,,,,,0.1641,,,,,,,0.0711,,0.1002,0.0361,,,,,,,,
E. coli (R9),1.3168,0.0171,0.859,0.0441,0.2873,,,0.0236,,,,,,,,,0.2323,,0.4892,,,,,,,,0.6508,,,,0.0577,,,,,0.1234,,,,,,,,0.1331,,,,,,,0.0724,,0.1069,0.0218,0.001,,,,,,,
E. coli (R10),1.3768,0.0296,0.9134,0.0466,0.3694,,,0.0273,,,,,,,,,0.2335,,0.5039,,,,,,,,0.6792,0.0013,,,0.0656,,,,,0.1323,,,,,,0.0013,,0.1334,,,,,,,0.0732,,0.1088,0.0414,,,,,,,,
E. coli (R11),1.2628,0.014,0.8177,0.0321,0.3485,,0.0495,0.009,,,,,,,,,0.2032,,0.5031,,,,,0.0197,,,0.6363,,,,0.0482,,,,,0.117,,,,,,,,0.1027,,,,,,,0.0616,,0.103,0.0272,,,,,,,,
E. coli (R12),1.3062,0.0291,0.8242,0.03,0.3203,,0.0304,0.0167,,,,,,,,,0.1998,,0.5155,,,,,0.0207,,,0.6309,,,,0.0477,,,,,0.1231,,,,,,,,0.1239,,,,,,,0.062,,0.0976,0.033,,,,,,,,
E. coli (R13),1.4107,0.0314,0.9169,0.0384,0.3943,,0.0346,0.0254,,,,,,,,,0.2349,,0.5077,,,,,0.0183,,,0.7038,,,,0.0659,,,,,0.1312,,,,,,,,0.1525,,,,,,,0.0655,,0.1056,0.0503,0.0035,,,,,,,
E. coli (R14),1.2212,0.013,0.7857,0.0207,0.3156,,,0.0095,,,,,,,,,0.1944,,0.4943,,,,,,,,0.6009,,,,0.038,,,,,0.113,,,,,,,,0.1242,,,,,,,0.0368,,0.096,0.0247,,,,,,,,
E. coli (R15),1.4758,0.0364,0.9785,0.0541,0.4468,,,0.0355,,,,,,,,,0.2289,0.0474,0.5166,,,,,,,,0.6598,,,,0.0653,,,,,0.15,,,,,,0.0024,,0.152,,,,,,,0.0639,,,,,,,,,,,
E. coli (R16),1.2512,0.0069,0.8783,0.0422,0.166,,0.1326,0.0277,,,,,,,,,0.2175,0.0493,0.5226,,,,,,,,0.5883,,,,0.0474,,,,,0.1388,,,,,,0.001,,0.063,,,,,,,0.0623,,0.1031,0.0562,,,,,,,,
E. coli (R17),1.4692,0.0387,0.9602,0.0474,0.4155,,0.2585,0.0308,,,,,,,,,0.2274,0.0386,0.509,,,,,,,0.0112,0.6627,,,,0.0694,,,,,0.1436,,,,,,,,0.1596,,,,,,,0.0515,,0.1056,0.047,0.0057,,,,,,,
E. coli (R18),1.4191,0.0415,0.9256,0.0468,0.3844,,,0.0326,,,,,,,,,0.2197,0.0452,0.5287,,,,,,,,0.6984,0.0017,,,0.0559,,,,,0.1403,,,,,,0.0008,,0.1544,,,,,,,,,0.0837,,,,,,,,,
E. coli (R19),1.2863,,0.7873,0.0254,0.2245,,,0.0071,,,,,,,,,0.2073,0.0368,0.5136,,,,,,,,0.5191,,,,0.03,,,,,0.1121,,,,,,,,,,,,,,,0.0608,,,,,,,,,,,
E. coli (R20),1.4896,0.0286,0.9715,0.0426,0.4284,,,0.0287,,,,,,,,,0.2338,0.0458,0.5184,,,,,,,,0.6963,,,,0.0672,,,,,0.147,,,,,,,,0.1583,,,,,,,,,,,,,,,,,,
E. coli (R21),1.5119,0.0337,0.9943,0.0464,0.4018,,0.1218,0.0316,,,,,,,,,0.2389,0.0464,0.5086,,,,,,,,0.6978,,,,0.0603,,,,,0.1462,,,,,,,,0.1665,,,,,,,0.0646,,0.1079,0.0521,0.0024,,,,,,,
E. coli (R22),1.2315,0.0314,0.8139,0.0329,0.2931,,0.0851,0.0186,,,,,,,,,0.1923,0.0421,0.5216,,,,,,,,0.5895,,,,0.0474,,,,,0.1192,,,,,,,,0.1228,,,,,,,0.0553,,0.0925,0.0394,,,,,,,,
E. coli (R23),1.4741,0.0177,0.9634,0.0332,0.4112,,0.2203,0.0194,,,,,,,,,0.2283,0.0299,0.487,,,,,0.1103,,,0.6358,,,,0.0578,,,,,0.1491,,,,,,,,0.1568,,,,,,,0.058,,0.0974,0.043,,,,,,,,
E. coli (R24),1.4419,0.0236,0.9001,0.0352,0.3784,,,0.0162,,,,,,,,,0.2211,,0.5041,,,,,,,,0.6229,,,,0.0489,,,,,0.1364,,,,,,,,0.145,,,,,,,0.0531,,0.0979,0.0419,,,,,,,,
E. coli (R25),1.4766,0.0368,0.9689,0.0489,0.4141,,,0.0336,,,,,,,,,0.232,,0.5226,,,,,,,,0.6479,,,,0.0513,,,,,0.1448,,,,,,,,0.1508,,,,,,,0.0675,,0.1003,0.0529,0.0054,,,,,,,
H. salinarium (R1),,0.4322,0.21,,,,0.1228,,,,,,,,,,0.0151,0.1314,0.4908,,,,,,0.014,,0.085,,,,,,0.115,,,,,0.1022,,,,,,,,,,,,,,,,0.0074,,,,,,,,
H. salinarium (R2),,0.5365,0.2431,,,,0.0454,,,,,,,,,,0.0205,0.1614,0.5189,,,,,,0.0298,,0.1034,,,,,,0.1484,,,,,0.1422,,,,,,0.0057,,,,,,,,,,0.0232,,,,,,,,
H. salinarium (R3),,0.5558,0.2541,,0.0016,,,,,,,,,,,,0.0067,0.1805,0.4755,,,,,,0.0098,,0.1013,,,,,,0.1452,,,,,0.1287,,,,,,,,,,,,,,,,0.0086,,,,,,,,
H. salinarium (R4),,0.2829,0.145,,,,,,,,,,,,,,0.0076,0.0834,0.4795,,,,,,0.013,,0.0612,,,,,,0.0747,,,,,0.0652,,,,,,0.0021,,,,,,,,,,,,,,,,,,
H. salinarium (R5),,1.096,0.4675,,0.0082,,,,,,,,,,,,0.0054,0.3409,0.5011,,,,,,0.0088,,0.1833,,,,,,0.2853,,,,0.0058,0.2776,,0.0039,,,,,,,,,,,,,,0.0509,,,,,,,,
H. salinarium (R6),,0.604,0.2759,,0.0065,,0.0637,,,,,,,,,,0.0284,0.1839,0.5392,,,,,,0.0307,,0.124,,,,,,0.1772,,,,0.006,0.1617,,0.005,,,,,,,,,,,,,,,,,,,,,,
H. salinarium (R7),,0.4033,0.1837,,,,,,,,,,,,,,0.021,0.1214,0.4953,,,,,,0.0199,,0.0876,,,,,,0.1138,,,,,0.1041,,,,,,0.0046,,,,,,,,,,0.0079,,,,,,,,
H. salinarium (R8),,0.5409,0.2506,,,,,,,,,,,,,,0.0107,0.1692,0.4925,,,,,,0.0105,,0.1061,,,,,,0.1454,,,,,0.1368,,,,,,,,,,,,,,,,0.0127,,,,,,,,
H. salinarium (R9),,0.7121,0.3084,,,,0.301,,,,,,,,,,0.0022,0.2207,0.4841,,,,,0.1612,0.0032,,0.1187,,,,,,0.1868,,,,,0.1779,,,,,,,,,,,,,,,,0.0104,,,,,,,,
H. salinarium (R10),,0.494,0.2302,,,,,,,,,,,,,,0.0172,0.1511,0.4842,,,,,,0.0174,,0.0996,,,,,,0.1308,,,,,0.1284,,,,,,,,,,,,,,,,0.0129,,,,,,,,
H. salinarium (R11),,0.6248,0.2787,,,,0.0671,,,,,,,,,,0.0045,0.1959,0.4814,,,,,,0.0093,,0.114,,,,,,0.1731,,,,,0.1543,,,,,,,,,,,,,,,,0.0111,,,,,,,,
H. salinarium (R12),,0.2843,0.1471,,,,,,,,,,,,,,0.02,0.0884,0.4797,,,,,,0.0175,,0.0695,,,,,,0.0742,,,,,0.0711,,,,,,0.0052,,,,,,,,,,,,,,,,,,
H. salinarium (R13),,0.5123,0.2269,,,,0.0839,,,,,,,,,,0.0048,0.1604,0.4679,,,,,0.0413,0.0053,,0.0882,,,,,,0.1321,,,,,0.1221,,,,,,,,,,,,,,,,,,,,,,,,
H. salinarium (R14),,0.8704,0.3816,,0.0073,,,,,,,,,,,,0.0205,0.2737,0.5228,,,,,,0.0171,,0.1566,,,,,,0.239,,,,0.0084,0.2232,,0.0066,,,,0.0017,,,,,,,,,,0.0487,,,,,,,,
H. salinarium (R15),,0.216,0.1205,,,,0.062,,,,,0.1131,,0.0389,,,0.0169,0.0657,0.4876,,0.0145,,,0.0325,0.0171,,0.0594,,,,,,0.0493,,,,,0.0509,,,,,,0.0021,,,,,,,,,,,,,,,,,,
H. salinarium (R16),,0.5178,0.2314,,,,,,,,,0.0258,,0.0521,,,0.0055,0.1624,0.4748,,,,,,0.0068,,0.0936,,,,,,0.1289,,,,,0.1351,,,,,,,,,,,,,,,,,,,,,,,,
H. salinarium (R17),,0.447,0.2103,,,,,,,,,,,,,,,0.128,0.452,,,,,,0.0044,,0.0738,,,,,,0.1172,,,,,0.1051,,,,,,,,,,,,,,,,,,,,,,,,
H. salinarium (R18),,0.7745,0.3245,,,,,,,,,0.0305,,0.0083,,,0.0097,0.2396,0.496,,,,,,0.0109,,0.1349,,,,,,0.2116,,,,0.0023,0.2124,,,,,,,,,,,,,,,,0.0316,,,,,,,,
H. salinarium (R19),,0.4297,0.2007,,,,,,,,,0.0613,,0.0067,,,0.0161,0.1312,0.4932,,,,,0.0074,0.0168,,0.0874,,,,,,0.116,,,,,0.1147,,,,,,0.0036,,,,,,,,,,0.0146,,,,,,,,
H. salinarium (R20),,0.5597,0.2426,,,,0.2654,,,,,0.1191,,0.2283,,,0.0102,0.1698,0.508,,,,,0.0502,0.0145,,0.1054,,,,,,0.15,,,,,0.1444,,,,,,,,,,,,,,,,,,,,,,,,
H. salinarium (R21),,0.4565,0.2011,,,,,0.0015,,,,0.0852,,,,,0.0086,0.1297,0.4694,,,,,,0.0081,,0.0884,,,,,,0.1159,,,,,0.1109,,,,,,0.0025,,,,,,,,,,,,,,,,,,
H. salinarium (R22),,0.5238,0.2397,,0.0022,,,,,,,0.0606,,,,,0.0176,0.1606,0.5028,,0.0008,,,,0.0209,,0.1059,,,,,,0.1443,,,,0.0009,0.1347,,,,,,0.0034,,,,,,,,,,0.0198,,,,,,,,
H. salinarium (R23),,0.3585,0.1746,,,,,,,,,0.0069,,0.0032,,,0.0134,0.1129,0.4602,,,,,,0.0108,,0.0775,,,,,,0.0976,,,,,0.0961,,,,,,,,,,,,,,,,,,,,,,,,
H. salinarium (R24),,0.6274,0.2814,,0.0015,,,,,,,0.0646,,0.0327,,,0.012,0.1929,0.4982,,,,,0.069,0.0148,,0.1111,,,,,,0.1688,,,,,0.1576,,0.001,,,,0.0027,,,,,,,,,,0.0199,,,,,,,,
H. salinarium (R25),,0.3475,0.164,,,,,,,,,,,,,,0.0039,0.0975,0.4556,,,,,,0.0067,,0.0506,,,,,,0.0869,,,,,0.0553,,,,,,,,,,,,,,,,,,,,,,,,
Arabidopsis thaliana (R1),0.502806858,0.567007796,0.746345737,,,,,0.027997796,,,,,,,0.017406869,,0.591073317,0.011246306,0.530909514,,,,,0.029806642,0.040397569,,0.97045918,,0.004273072,,,,0.191711499,,,,,,,,,,,0.099801132,,,0.006160564,,,,,0.011508457,,0.028784251,,,,,,,,
Arabidopsis thaliana (R2),0.484167999,0.567505212,0.740257926,,,,,0.026589278,,,,,,,0.015027598,,0.581912048,,0.530932021,,,,,0.012829068,0.037426737,,0.949687291,0.002689966,0.004371195,,,,0.172106088,,,,,,,,,,,0.1001495,,,0.006155884,,,,,0.009621801,,0.029149919,,,,,,,,
Arabidopsis thaliana (R3),0.547913032,0.572081969,0.724708985,,,,,0.028945265,,0.005566397,,,,,0.013287528,,0.568634394,0.027472863,0.513365458,,,,,,0.039754849,,0.97595101,,,,,,0.216299416,,,,,,,,,,,0.092150806,,,,,,,,0.003770785,,0.025569514,,,,,,,,
Arabidopsis thaliana (R4),0.40630923,0.521246006,0.697614508,,,,,0.019312872,,,,,,,0.006717521,,0.570955658,,0.524336065,,,,,0.013804505,0.034561643,,0.863570853,,,,,,0.148692317,,,,,,,,,,,0.075874394,,,,,,,,,,0.020757138,,,,,,,,
Arabidopsis thaliana (R5),0.469647365,0.539848522,0.712696474,,,,,0.027363792,,,,,,,0.010717485,,0.561120612,0.030491082,0.524440101,,,,,,0.033748677,,0.908445313,,,,,,0.174183565,,,,,,,,0.005244727,,,0.090170209,,,,,,,,,,0.024529685,,,,,,,,
Arabidopsis thaliana (R6),0.396074137,0.510464153,0.672829735,,,,,0.019989819,,,,,,,0.006479459,,0.541344977,0.027296442,0.520114411,,,,,0.04204755,0.033465714,0.016646694,0.829956605,,,,,,0.146718378,,,,,,,,,,,0.076719547,,,,,,,,0.004204755,,0.019886423,,,,,,,,
Arabidopsis thaliana (R7),0.427920248,0.5312761,0.697792033,,,,,0.023557359,,,,,,,0.008928733,,0.566925139,0.030344514,0.511342951,,,,,,0.035451354,,0.852315128,,,,,,0.155873937,,,,,,,,,,,0.076767337,,,,,,,,0.004942103,,0.01930715,,,,,,,,
Arabidopsis thaliana (R8),0.304549253,0.469495289,0.640392387,,,,,0.010682883,,,,,,,0.006067181,,0.52790279,0.030858436,0.524883715,,,,,,0.032571181,0.01088609,0.720339832,,,,,,0.104999967,,,,,,,,,,,0.058959063,,,,,,,,,,0.012889131,,,,,,,,
Arabidopsis thaliana (R9),0.402553651,0.519417911,0.672374943,,,,,0.021401264,,,,,,,0.006773357,,0.542377366,,0.514520742,,,,,0.022736856,0.032244996,,0.819162813,,,,,,0.138615322,,,,,,,,,,,0.07418893,,,,,,,,0.003879575,,0.018475683,,,,,,,,
Arabidopsis thaliana (R10),0.330121476,0.48488673,0.76086673,,,,,0.01415282,,,,,,,0.006216141,,0.548324667,,0.517826726,,,,,0.029693172,0.033855767,0.0176494,0.749738728,,,,,,0.114637846,,,,,,,,,,,0.062022655,,,,,,,,0.004551103,,0.013597808,,,,,,,,
Arabidopsis thaliana (R11),0.509603052,0.574707982,0.742742994,,,,,0.024786141,,,,,,,0.012227829,,0.591442382,0.031606085,0.52979249,,,,,0.048821186,0.041580629,0.021210928,0.966989968,,,,,,0.200993068,,,,,,,,0.005437929,,,0.099895658,,,0.00528771,,,,,0.006189024,,0.029142493,,,,,,,,
Arabidopsis thaliana (R12),0.451746997,0.559054177,0.697099494,,,,,0.023001797,,,,,,,0.005836792,,0.589516016,0.031118046,0.52969753,,,,,0.037818269,0.034295472,,0.917550647,,,,,,0.166020475,,,,,,,,,,,0.081266107,,,,,,,,0.005076973,,0.018166584,,,,,,,,
Arabidopsis thaliana (R13),0.373159204,0.521125728,0.697539231,,,,,0.016802722,,,,,,,0.004555137,,0.574580709,0.027451486,0.525409367,,,,,0.036169595,0.036048929,0.021810356,0.820286587,,,,,,0.131948129,,,,,,,,0.003650143,,,0.073063185,,,,,,,,,,0.017436218,,,,,,,,
Arabidopsis thaliana (R14),0.388131814,0.536078976,0.692066056,,,,,0.01620645,,,,,,,,,0.573271512,0.032064714,0.520442284,,,,,0.037192536,0.034723585,0.020796167,0.834695477,,,,,,0.144813493,,,,,,,,,,,0.075682855,,,,,,,,0.00294375,,0.018137296,,,,,,,,
Arabidopsis thaliana (R15),0.457652783,0.554548052,0.702174847,,,,,0.023260048,,0.007807342,,,,,0.008066507,,0.556815745,0.024361499,0.51538176,,,,,0.006446726,0.038064842,0.870632019,,,,,,,0.1704657,,,,,,,,0.004243825,,,0.079239662,,,,,,,,,,0.020830377,,,,,,,,
Arabidopsis thaliana (R16),0.493153717,0.598304274,0.72268852,,,,,0.027473278,,,,,,,0.018802548,,0.560148274,0.024311575,0.508147851,,,,,,0.024790621,,0.929492599,0.003089846,0.006491071,,,,0.183258977,,,,,,,,0.004622792,,,0.092096558,,,0.004239555,,,,,0.006850355,,0.026850518,,,,,,,,
Arabidopsis thaliana (R17),0.407268879,0.531968258,0.698245872,,,,,0.019747012,,,,,,,0.009926494,,0.563549347,0.019535059,0.516672272,,,,,0.05214059,0.031510438,0.016320429,0.873708143,,,,,,0.159919005,,,,,,,,,,,0.079623909,,,0.003285281,,,,,0.006393934,,0.021230687,,,,,,,,
Arabidopsis thaliana (R18),0.441684208,0.531104766,0.783610862,,,,,0.024203016,,,,,,,0.015227615,,0.57739894,0.0204239,0.531577156,,,,,,0.034929037,,0.918102939,,,,,,0.16655899,,,,,,,,,0.003223364,,0.081445512,,,0.007613808,,,,,0.010809384,,0.024536468,,,,,,,,
Arabidopsis thaliana (R19),0.581988752,0.626349702,0.946357193,,,,,0.034148568,,,,,,,0.022677927,,0.599867736,0.015596561,0.517934582,,,,,0.034470448,0.026043038,0.009393051,1.047749472,,0.004974513,,,,0.202960128,,,,,,,,,,,0.106922766,,,0.009129694,,,,,0.010475739,,0.03163205,,,,,,,,
Arabidopsis thaliana (R20),0.51361244,0.582189106,0.746647695,,,,,0.027561777,,,,,,,0.019353099,,0.585409872,0.016388854,0.516576685,,,,,,0.032321671,,0.970875723,0.003106757,0.003562794,,,,0.185208304,,,,,,,,,0.004104339,,0.091407053,,,0.008607711,,,,,0.011315435,,0.02602265,,,,,,,,
Arabidopsis thaliana (R21),0.405884187,0.531696173,0.687229726,,,,,0.025125129,,,,,,,0.007422628,,0.57194607,0.01760933,0.528714699,,,,,0.056710118,0.034535406,0.024969844,0.855869342,,,,,,0.159570966,,,,,,,,,,,0.078543202,,,0.003726842,,,,,0.005124408,,0.023696506,,,,,,,,
Arabidopsis thaliana (R22),0.421547719,0.542561313,0.702579531,,,,,0.023618817,,,,,,,0.008992084,,0.571931561,0.025808448,0.52229993,,,,,0.035413629,0.034771337,0.012407908,0.867531717,,,,,,0.160456144,,,,,,,,,,,0.077863271,,,,,,,,0.004087311,,0.021020456,,,,,,,,
Arabidopsis thaliana (R23),0.329266491,0.492315846,0.64464348,,,,,0.016935446,,,,,,,0.006091887,,0.537152134,0.01507742,0.513759288,,,,,,0.030093922,,0.749972206,,,,,,0.125827926,,,,,,,,,,,0.060522897,,,,,,,,,,0.012701584,,,,,,,,
Arabidopsis thaliana (R24),0.356624342,0.531597432,0.643706411,,,,,0.022479638,,,,,,,0.007309169,,0.524787811,0.014539462,0.504043443,,,,,,0.026291974,,0.760837158,,,,0.002786949,,0.131275829,,,,,,,,,,,0.061549512,,,,,,,,,,0.015564849,,,,,,,,
Arabidopsis thaliana (R25),0.298485993,0.480527044,0.649939519,,,,,0.01530483,,,,,,,0.004822833,,0.556577271,0.014580011,0.524434342,,,,,,0.034289509,0.004934344,0.736611132,,,,,,0.112291172,,,,,,,,,,,0.056034075,,,,,,,,,,0.011875879,,,,,,,,
S. cerevesiae-trf4 (R1),1.03884466,0.838176004,0.714540151,,,,,0.08801467,,,,,,,,,0.440233087,,0.531961625,,,,,0.04336839,0.060060828,,1.044515296,,0.028033711,,,,0.286367151,,0.011381207,,,,,0.031907315,,0.061378652,,,,,,,,,,,,0.067009354,,,,,,,,
S. cerevesiae-trf4 (R2),1.010762651,0.888507474,0.704974887,,,,,0.093369395,,,,,,,,,0.449976957,,0.534207178,,,,,,0.057292132,,1.051843986,0.004284924,0.02780706,,,,0.296738484,,0.016750158,,,,,0.032451558,,0.067629886,,,,,,,,,,,,0.067510028,,,,,0.003385989,,0.008210274,
S. cerevesiae-trf4 (R3),1.313518094,1.036121097,0.845761544,,,,,0.116558046,,,,,,,,,0.457234723,,0.542822162,,,,,0.047589888,0.07160791,,1.233061439,0.00557694,0.034316771,,,,0.362686999,,0.018255184,,,,,0.04554501,,0.070715599,,,,,,,,,,,,0.088413089,,,,,0.006023095,,0.006357712,
S. cerevesiae-trf4 (R4),1.093735808,0.897173029,0.746523767,,,,,0.093364638,,,,,,,,,0.438574221,,0.544454226,,,,,0.022599177,0.058822225,,1.070743291,,0.03103811,,,,0.290106209,,0.012872949,,,,,0.029214443,,0.053959111,,,,,,,,,,,,0.069907265,,,,,0.003826127,,,
S. cerevesiae-trf4 (R5),1.155713825,0.955671829,0.785079819,,,,,0.101193055,,,,,,,,,0.456870959,,0.541556174,,,,,0.017465294,0.072601477,,1.132536819,0.006041869,0.033477898,,,,0.324907292,,0.021724316,,,,,0.032157271,,0.06547009,,,,,,,,,,,,0.074846543,,,,,,,0.005216477,
S. cerevesiae-trf4 (R6),1.057139034,0.914912733,0.715878751,,,,,0.098640821,,,,,,,,,0.461184072,0.023353915,0.532838855,,,,,,0.061236324,,1.090529079,,0.03533355,,0.003759566,,0.31319098,0.005575628,0.023322055,,,,,0.010291016,,0.054258824,,,,,,,,,,,,0.087298401,,,,,0.010673345,,,
S. cerevesiae-trf4 (R7),0.994044617,0.975164866,0.755271297,,,,,0.093748663,,,,,,,,,0.463461317,0.023024086,0.551711286,,,,,,0.081153133,,1.086438921,,0.033533905,,,,0.319249274,,0.01917771,,,,,0.023186609,,0.060241845,,,,,,,,,,,,0.074652214,,,,,0.005905001,,0.006094611,
S. cerevesiae-trf4 (R8),1.094022884,0.951851582,0.716669675,,,,,0.100761488,,,,,,,,,0.421920791,0.023934442,0.542813047,,,,,,0.053933233,,1.076583396,,0.038790302,,,,0.293205884,,0.01600414,,,,,,,0.029352884,,,,,,,,,,,,0.065057186,,,,,0.00983214,,,
S. cerevesiae-trf4 (R9),0.947992486,0.962931439,0.760976755,,,,,0.086493308,,,,,,,,,0.46210965,,0.54472881,,,,,,0.090484856,,1.050862879,0.005635126,0.032167175,,,,0.307701338,,0.02119042,,,,,,,0.061311341,,,,,,,,,,,,0.065068091,,,,,,,0.007337403,
S. cerevesiae-trf4 (R10),0.612071933,0.629647381,0.545592106,,,,,0.05275424,,,,,,,,,0.43969306,,0.510245928,,,,,,0.053144806,,0.783474393,,0.015929493,,,,0.178878999,,,,,,,0.019221402,,0.03498351,,,,,,,,,,,,0.043520156,,,,,,,,
S. cerevesiae-trf4 (R11),1.026737155,0.955281083,0.774398168,,,,,0.089148769,,,,,,,,,0.451911372,,0.549096613,,,,,0.007974174,0.080645061,,1.068258926,0.004173982,0.031024519,,,,0.309622211,,,,,,,0.019966583,,0.062453977,,,,,,,,,,,,0.066160722,,,,,0.003582148,,0.005575692,
S. cerevesiae-trf4 (R12),0.911383478,0.983731267,0.724140115,,,,,0.085923347,,,,,,,,,0.465252574,0.044989729,0.531516195,,,,,,0.11017724,,1.039233776,,0.020197781,,,,0.305118937,,0.00600139,,,,,,,0.057985843,,,,,,,,,,,,0.058979176,,,,,,,,
S. cerevesiae-trf4 (R13),0.917739494,0.974585776,0.745342212,,,,,0.087958689,,,,,,,,,0.463122286,,0.554732256,,,,,,0.091675562,,1.063878167,0.007215105,0.032599156,,0.006078179,,0.319388649,,0.015435952,,,,,0.029275835,,0.064848489,,,,,,,,,,,,0.065395088,,,,,0.005903268,0.004831934,0.010407242,
S. cerevesiae-trf4 (R14),1.085372708,0.99317443,0.762803235,,,,,0.10304114,,,,,,,,,0.470996703,,0.550722295,,,,,,0.078480587,,1.146400589,,0.036467328,,0.009597857,,0.352743866,0.006474026,0.029336845,,,,,0.007107847,,0.07347793,,,,,,,,,,,,0.07635276,,,,,0.006315571,,0.013378144,
S. cerevesiae-trf4 (R15),0.876381805,0.958197533,0.742259906,,,,,0.075595979,,,,,,,,,0.440588383,0.014905478,0.542707344,,,,,0.02186502,0.089789063,,0.995050231,,0.027892971,,0.006603346,,0.270024783,,0.005425155,,,,,0.010083117,,0.045483627,,,,,,,,,,,,0.053045964,,,,,,0.004109966,,
S. cerevesiae-trf4 (R16),1.140354247,1.029336686,0.949238337,,,,,0.104583773,,,,,,,,,0.442195653,0.022147969,0.552912354,,,,,,0.054710343,,1.149032918,0.007961234,0.037885292,,,,0.328100056,0.007104939,0.032006939,,,,,,,0.035362692,,,,,,,,,,,,0.077946039,,,,,0.009025818,0.004489766,,
S. cerevesiae-trf4 (R17),1.270431125,1.007459988,0.820105967,,,,,0.110584568,,,,,,,,,0.466418133,0.021059943,0.546008823,,,,,,0.077762846,,1.220681977,,0.032623044,,,,0.349277167,,0.018675798,,,,,0.045894781,,0.068822304,,,,,,,,,,,,0.089008061,,,,,0.005125911,,,
S. cerevesiae-trf4 (R18),1.347616579,1.072875981,0.847893429,,,,,0.125126351,,,,,,,,,0.488839641,0.028875312,0.551895975,,,,,,0.071116934,,1.275717393,,0.03867047,,,,0.388575308,,0.013128234,,,,,0.038568438,,0.080844071,,,,,,,,,,,,0.0924078,,,,,0.008264665,,0.011733784,
S. cerevesiae-trf4 (R19),1.060298079,0.976672425,0.749976107,,,,,0.100815372,,0.006725449,,,,,,,0.482307643,,0.554384993,,,,,,0.080373546,,1.137574378,0.011835906,0.034578544,,,,0.357267379,0.005021964,0.024667356,,,,,0.022654146,,0.07811698,,,,,,,,,,,,0.078448828,,,,,0.00971208,0.002898138,0.01581808,
S. cerevesiae-trf4 (R20),1.146782897,1.005227548,0.772134833,,,,,0.10875767,,0.0081335,,,,,,,0.490991591,0.025840595,0.556302986,,,,,,0.077846314,,1.187774924,0.014076431,0.03874061,,,,0.378461276,,0.027057578,,,,,0.036184946,,0.084316604,,,,,,,,,,,,,,,,,,,,
S. cerevesiae-trf4 (R21),1.061231566,0.969358276,0.774139618,,,,,0.096481456,,,,,,,,,0.455016085,,0.543344632,,,,,0.004801515,0.079176666,,1.092779778,,0.030645913,,,,0.323925049,,0.016531392,,,,,0.035189629,,0.067672364,,,,,,,,,,,,0.069444735,,,,,,,0.008475158,
S. cerevesiae-trf4 (R22),0.973128029,0.927631134,0.752285866,,,,,0.086408831,,,,,,,,,0.46313958,,0.542406457,,,,,0.009610778,0.094785198,,1.073291736,,0.030742734,,,,0.316156394,0.006083887,0.020309014,,,,,0.008258803,,0.062543535,,,,,,,,,,,,0.066305552,,,,,,,0.007582816,
S. cerevesiae-trf4 (R23),1.003650854,0.982700451,0.810879024,,,,,0.085277983,,,,,,,,,0.472579227,,0.517784291,,,,,,0.092378623,,1.043091042,,0.021653437,,,,0.30764753,,,,,,,0.022918897,,0.059125131,,,,,,,,,,,,0.05785967,,,,,,,,
S. cerevesiae-trf4 (R24),1.466879811,1.092851615,0.876296829,,,,,0.128548152,,,,,,,,,0.485382744,,0.546656594,,,,,0.007654423,0.081275358,,1.345178329,0.005269628,0.041118484,,,,0.416646793,,0.026886642,,,,,0.052196242,,0.086083412,,,,,,,,,,,,0.099084393,,,,,0.008192925,,0.011923976,
S. cerevesiae-trf4 (R25),1.402126558,1.103431254,0.871440491,,,,,0.128300103,,,,,,,,,0.48409363,0.027991441,0.543710363,,,,,,0.087824047,,1.321606191,0.007411616,0.042203034,,,,0.410337261,,0.024357591,,,,,0.034395653,,0.087752089,,,,,,,,,,,,0.091313982,,,,,0.00644019,,0.01176504,
